{"cameraMode":{"drawMode":0,"name":"Shaded","section":"Shading Mode"},"sceneLighting":false,"audioPlay":false,"sceneViewState":{"showFog":true,"showMaterialUpdate":false,"showSkybox":false,"showFlares":true,"showImageEffects":true,"showParticleSystems":true},"in2DMode":false,"pivot":{"x":-0.12757816910743714,"y":-0.0031896131113171579,"z":-0.03515625},"rotation":{"x":-0.0029828648548573257,"y":0.7022069692611694,"z":0.0029432165902107956,"w":0.7119682431221008},"size":1.6822500228881837,"orthographic":true}